date,title,url,policy_type,tech_focus,importance,announcement_date,country,source,local_file
2025-10-13,ALMM Order Solar PV Modules Update,https://mnre.gov.in/img/documents/uploads/file_f-1728822686315.pdf,regulatory,solar_pv,high,2025-10-13,India,MNRE,mnre_pdfs/2025-10-13_ALMM_Order_Solar_PV_Modules_Up.pdf
2025-09-23,ALMM List-II for Solar PV Cells,https://mnre.gov.in/img/documents/uploads/file_f-1727085527749.pdf,regulatory,solar_pv,high,2025-09-23,India,MNRE,mnre_pdfs/2025-09-23_ALMM_List-II_for_Solar_PV_Cell.pdf
2025-10-24,RE Equipment Import Monitoring System,https://mnre.gov.in/img/documents/uploads/file_f-1729764869508.pdf,regulatory,renewable_general,high,2025-10-24,India,MNRE,mnre_pdfs/2025-10-24_RE_Equipment_Import_Monitoring.pdf
2025-10-10,Solar Systems Import Policy Amendment,https://mnre.gov.in/img/documents/uploads/file_f-1728562639089.pdf,regulatory,solar,high,2025-10-10,India,MNRE,mnre_pdfs/2025-10-10_Solar_Systems_Import_Policy_Am.pdf
2025-09-17,Solar Park Scheme Extension,https://mnre.gov.in/img/documents/uploads/file_f-1726567437453.pdf,operational,solar,medium,2025-09-17,India,MNRE,mnre_pdfs/2025-09-17_Solar_Park_Scheme_Extension.pdf
2025-09-16,National Bioenergy Programme Budget Increase,https://mnre.gov.in/img/documents/uploads/file_f-1726475834060.pdf,fiscal,bioenergy,medium,2025-09-16,India,MNRE,mnre_pdfs/2025-09-16_National_Bioenergy_Programme_B.pdf
